Grand Father	Father	Son	Address
Dr. Carlos Prosacco	Penni D'Amore MD	Joel Murphy	Suite 936 432 Jimmie Circle, East Logan, HI 75880-8000
Dr. Carlos Prosacco	Penni D'Amore MD	Jung Shields	12780 Sauer Passage, Andresside, MD 51908-9576
Dr. Carlos Prosacco	Gail Johns	Richard Bernier	8361 Tobias Points, Ginnyberg, ME 15153
Dr. Carlos Prosacco	Gail Johns	Mrs. Ken O'Reilly	Apt. 166 174 Beer Ferry, Tempiemouth, OR 59758
Dr. Carlos Prosacco	Sherilyn Christiansen II	Paris Hilpert	Apt. 800 48223 Irwin Causeway, Botsfordmouth, SD 23658-5245
Dr. Carlos Prosacco	Sherilyn Christiansen II	Corrinne Thompson	417 Fadel Avenue, Trompstad, OR 28336
Lauren Kovacek	Ghislaine Bernier	Nathanial Cartwright	Apt. 413 734 Raymon Streets, Considineport, IN 98583-1295
Lauren Kovacek	Ghislaine Bernier	Vince Bins V	99461 Stephine Fall, Tiffanimouth, AR 67265-0227
Lauren Kovacek	Robby Rolfson	Myles Zemlak III	Suite 507 1179 Eli Points, Marlenside, VT 79436-3252
Lauren Kovacek	Robby Rolfson	Ms. Lawrence Christiansen	193 Rice Extension, South Jadeside, AK 60045
Lauren Kovacek	Warner Lubowitz	Bernarda Harvey	2872 Harris Trafficway, New Duncan, MA 06594-3350
Lauren Kovacek	Warner Lubowitz	Gerard Keeling	Apt. 594 659 Strosin Turnpike, McKenzieview, NM 52002
Apolonia Funk	Ligia Wintheiser	Delmar Collins DVM	Suite 589 9029 McLaughlin Views, Cindieview, AK 76877-7114
Apolonia Funk	Ligia Wintheiser	Roland Rowe	Suite 790 9418 Rona Lock, South Timview, ND 01082-9421
Apolonia Funk	Jaclyn Dare II	Harold Gaylord	Apt. 469 357 Martina Loaf, Antoneberg, OH 42334-7340
Apolonia Funk	Jaclyn Dare II	Miss Dick Considine	264 Nannette Forks, Kingmouth, TN 19304
Apolonia Funk	Bong Lemke	Titus Nicolas	Suite 908 65344 Conception Union, Sheriland, CO 44564
Apolonia Funk	Bong Lemke	Miss Edgardo Schiller	314 Kris Junction, Lake Stellabury, VT 56346
Harriett Considine	Treasa Hoeger	Naomi Konopelski	Suite 132 85115 Kutch Islands, Lake Renee, SD 22109-5431
Harriett Considine	Treasa Hoeger	Cary Quitzon V	678 Shayne Crossroad, West Penniemouth, MS 70861-0580
Harriett Considine	Rusty Cronin	Lorenzo Kessler	Suite 400 43343 Sauer Fall, Boyerland, TN 89342
Harriett Considine	Rusty Cronin	Stuart Dicki	Suite 120 95397 Kautzer Isle, South Numbers, VT 00749-9080
Harriett Considine	Thea McLaughlin	Bette Frami	132 Dach Isle, Port Ilda, RI 03492
Harriett Considine	Thea McLaughlin	Loralee Blanda	868 Lashaun Locks, Robenahaven, NV 55671
Jenny Conn	Bennie Cormier	Normand Deckow	Apt. 115 95636 Kirsten Island, New Lesiashire, MO 33747
Jenny Conn	Bennie Cormier	Claude Rippin	1362 Pacocha Run, Sadyehaven, CA 59848
Jenny Conn	Irena Cummings	Harold Ebert IV	29181 Gleason Well, Schmittfurt, AR 88364
Jenny Conn	Irena Cummings	Lizeth Wuckert	80865 Virgil Mountain, South Marlene, VT 42816
Jenny Conn	Landon Hahn	Rasheeda Grady IV	2401 Lind Forks, Kerryside, IL 95704-2295
Jenny Conn	Landon Hahn	Clayton Purdy V	Apt. 576 74227 Kennith Wall, Lake Normanshire, MS 90536
Miles Treutel	Mrs. Jessie Moen	Mr. Elden Corkery	Suite 676 824 Conroy Junction, Mullerport, NM 15297
Miles Treutel	Mrs. Jessie Moen	Jeannette Nolan	Apt. 568 9318 Quitzon Fall, Nanaside, AK 31935
Miles Treutel	Cassey Raynor	Oliver Satterfield MD	Suite 702 946 Madlyn Squares, New Berry, WV 33091
Miles Treutel	Cassey Raynor	Donny Hoeger	5669 Parker Crescent, Port Kenny, MI 74337-3432
Miles Treutel	Bernice Hammes	Mozelle Parisian	Suite 478 93606 Theresa Rapids, Lake Bernard, WY 59198
Miles Treutel	Bernice Hammes	Hassan Pfannerstill	871 Wyatt River, Alphonsomouth, AL 98810-1944
Lily Wiegand	Annabel Stiedemann	Wan Pagac II	Suite 939 81700 Orlando Camp, Lake Ofeliaborough, NV 77516-4104
Lily Wiegand	Annabel Stiedemann	Evangelina O'Hara	23449 Hirthe Locks, Dungside, SC 29519-1918
Lily Wiegand	Miss Neal Mertz	Joeann Lueilwitz	Apt. 690 636 O'Kon Lodge, Port Tobiebury, OK 97677-8004
Lily Wiegand	Miss Neal Mertz	Johana Cummings	Apt. 288 7890 Gerhold Walks, Harberfort, NE 92229-9366
Lily Wiegand	Charlene Hoppe	Christine Rath	722 Isiah Way, Emmanuelhaven, NM 56429
Lily Wiegand	Charlene Hoppe	Victor Hudson	94185 Valda Brook, Jamarville, SD 51507-8465
Kaylee Larkin	Elna Hauck	Ms. Calandra Weimann	Apt. 537 1282 Klein Grove, Vernettatown, TX 01015
Kaylee Larkin	Elna Hauck	Leslie Botsford	314 Schmidt Streets, Hauckborough, PA 15554-7769
Kaylee Larkin	Julian Johnston	Coletta Reichel	Suite 714 82685 Song Key, Bogisichmouth, ID 72145
Kaylee Larkin	Julian Johnston	Myles Bauch	Suite 666 236 Refugio Cliff, Rhettland, RI 94749-7655
Kaylee Larkin	Ricky Roob	Carly Gerlach	3657 Palmer Pike, Salvadorland, TN 21497-9172
Kaylee Larkin	Ricky Roob	Nicky MacGyver	3067 Danyell Extension, Danfurt, HI 50435-9128
Ms. Alfonzo Schumm	Therese Aufderhar	Daren Padberg	5085 Alan Rest, South Efrenberg, FL 59591
Ms. Alfonzo Schumm	Therese Aufderhar	Hal Johns	Apt. 734 1551 Donetta Cliffs, South Manual, UT 65841-3160
Ms. Alfonzo Schumm	Hye Wisoky	Mr. Lady Bosco	4296 Trantow Tunnel, Violetaland, OK 58228
Ms. Alfonzo Schumm	Hye Wisoky	Dr. Elias Dare	Suite 350 6505 Ling Green, Funkton, AL 13039
Ms. Alfonzo Schumm	Tarsha Bradtke II	Cecilia Runte III	26019 Wilber Garden, New Osvaldo, VA 27707-0629
Ms. Alfonzo Schumm	Tarsha Bradtke II	Mei Ondricka	Apt. 808 6580 Charley Row, West Judsonville, TX 79487-1662
Ernie Morar	Harriett Rippin	Cruz Wunsch	Apt. 735 4376 Zachary Falls, Lake Zacharyburgh, NE 93099-5906
Ernie Morar	Harriett Rippin	Margaretta Hoeger	96740 Manual Branch, Chaeland, UT 58199-9085
Ernie Morar	Felice MacGyver	Adam Haley	6999 Lynch Rapids, Hanmouth, CA 37208-2831
Ernie Morar	Felice MacGyver	Kenny Wilderman	Apt. 566 7302 Alan Locks, Hegmannberg, MN 42303
Ernie Morar	Ahmad Wolff	Lynelle Johnston	27131 Kerluke Burgs, Lake Mira, AZ 76208-0881
Ernie Morar	Ahmad Wolff	Junior Hoppe IV	Suite 461 5896 Lois Parkway, North Berrymouth, CA 63405-2557
Oliva Effertz	Moses West III	Leta Homenick	Suite 259 22069 Bauch Valleys, Haagtown, CA 97397
Oliva Effertz	Moses West III	Tomoko Wisoky DDS	Apt. 687 211 Shanahan Square, Port Asa, SC 84374-7465
Oliva Effertz	Anibal Wiegand	Kaitlin Balistreri	157 Hamill Viaduct, West Denaton, CT 30282-4725
Oliva Effertz	Anibal Wiegand	Moshe Pfeffer	Apt. 766 77176 Trantow Centers, Ashleachester, NE 86823-6457
Oliva Effertz	Gilma Lowe	Lashell Mohr	Suite 196 553 Abigail Lights, New Joelfort, AL 11012-1031
Oliva Effertz	Gilma Lowe	Roderick Schimmel	83795 Hansen Underpass, East Jan, NV 66061-1907
Danny Wehner	Jesusita Bernier	Nanette Powlowski	20343 Shaunte Light, New Son, DE 08963
Danny Wehner	Jesusita Bernier	Colin Kulas MD	Suite 522 8261 Ebert Drive, Funkstad, VT 40698-8146
Danny Wehner	Raymundo Rau	Larissa Vandervort PhD	Suite 883 229 Keitha Parkways, Lake Erichaven, MN 94044
Danny Wehner	Raymundo Rau	Marla Schimmel III	5871 Hien Hills, North Dominic, CA 99497-8398
Danny Wehner	Julienne Champlin	Wonda Boyer	Suite 130 44546 Turner Ports, Heathcoteborough, MI 02893-6631
Danny Wehner	Julienne Champlin	Heath Morar DDS	Suite 157 4150 Stark Burg, Kirlinmouth, NC 68039
Lorine Metz	Soon Oberbrunner Sr.	Serafina Quigley	Apt. 275 318 Jeri Underpass, Sylvestermouth, UT 99783-1774
Lorine Metz	Soon Oberbrunner Sr.	Gilberto Kohler	51861 Nolan Brooks, Wuckertbury, WA 30577-3544
Lorine Metz	Samual Price	Marva Shanahan	1073 VonRueden Neck, North Francisco, MA 77128-8826
Lorine Metz	Samual Price	Terrence Pfannerstill	6207 Moen Radial, New Somerstad, CT 43483-7414
Lorine Metz	Miss Hershel Morar	Jeff Hermiston	Apt. 909 8968 Brakus Drives, Port Ray, VA 73805-0492
Lorine Metz	Miss Hershel Morar	Agatha Beer	Apt. 439 529 Carma Squares, Port Julietta, CA 55213-7700
Sheri Ryan	Dylan Maggio	Horace King Jr.	Suite 401 53304 Littel Field, Augustusland, AR 60668-3708
Sheri Ryan	Dylan Maggio	Vikki Wunsch	52230 Carmela Camp, Leannonview, UT 09021
Sheri Ryan	Justina Cormier	Madalyn Goodwin	803 Bennett Summit, East Donnborough, MD 99804-9548
Sheri Ryan	Justina Cormier	Quintin Dicki	Apt. 121 4147 Lucien Crossroad, Ledaport, MA 14555-9395
Sheri Ryan	Anneliese Cormier	Jeanetta O'Conner	3988 Rohan Overpass, Port Kathyrnhaven, WA 89144
Sheri Ryan	Anneliese Cormier	Miss Lorretta Sporer	4442 Kunde Valleys, Francesmouth, TX 66405-7571
Darron Lesch	Orval Hand	Dr. Xochitl Bayer	4316 Richie Locks, Lake Marjoryfurt, KS 21597-7812
Darron Lesch	Orval Hand	Alanna Roob	Apt. 858 39113 Mills Squares, Frederickmouth, AK 56112-1239
Darron Lesch	Corina Sipes	Christoper Stamm	Suite 312 690 Wendolyn Locks, Lake Deangelostad, NY 31547-0137
Darron Lesch	Corina Sipes	Mrs. Idalia Gleichner	Apt. 521 43182 Allen Avenue, Wehnerhaven, NH 65322
Darron Lesch	Rosina Feil	Nisha Cassin	Apt. 853 8641 Dane Fields, Port Fredmouth, GA 73703-8630
Darron Lesch	Rosina Feil	Dr. Shira Gleason	Suite 119 52246 Breanna Track, Lake Craig, OH 47903-6074
Eula Dach Sr.	Mr. Odis Schulist	Stan Rosenbaum I	832 Rudy Extensions, Braunport, WA 73400-0632
Eula Dach Sr.	Mr. Odis Schulist	Rosalinda Kub	Suite 520 5033 Hyatt Walk, Benitoport, NJ 95373
Eula Dach Sr.	Mr. Alan Gaylord	Vaughn Sipes I	Apt. 223 87484 Rath Pines, Willardland, MD 14799-9997
Eula Dach Sr.	Mr. Alan Gaylord	Kenneth Sipes	Apt. 940 427 Mohamed Loaf, East John, NM 01764-5988
Eula Dach Sr.	Marco Hermann	Luann Quitzon	32264 Brendon Underpass, Altenwerthbury, MD 88401
Eula Dach Sr.	Marco Hermann	Noel Bailey V	Apt. 208 4772 Darrell Trace, Kuhnborough, SC 50770-3825
Eusebia Jerde	Molly Marvin	Roderick Koch	Suite 247 779 Harber Spurs, East Isidroland, IA 97616
Eusebia Jerde	Molly Marvin	Gwenda Olson	656 Blaine Park, Lynchshire, WY 77015-6677
Eusebia Jerde	Beth Batz DDS	Ms. Thomas Walter	Apt. 661 9627 Russel Dale, North Bernardhaven, IL 22172-1371
Eusebia Jerde	Beth Batz DDS	Herman Nienow	68192 Rhett Skyway, New Seanmouth, AL 99034-9257
Eusebia Jerde	Robbie Parker	Joanie Abernathy DVM	1382 Russel Crossing, Bruenside, SD 76341
Eusebia Jerde	Robbie Parker	Danuta Considine	Apt. 886 72045 Ozie Spurs, Machaven, ND 05848
Jamison Huels	Lamont Raynor	April Boehm	42918 Kris Mountain, West Orlando, NC 25551-3311
Jamison Huels	Lamont Raynor	Harold Huels	Suite 367 826 Derick Vista, Lake Barry, OH 86026
Jamison Huels	Lacy Daniel	Meagan Connelly MD	885 Merlene Villages, Bonnieberg, AZ 64203-2563
Jamison Huels	Lacy Daniel	Neil Goldner	Apt. 616 985 Reynolds Manor, Heathcotechester, WA 95688
Jamison Huels	Bryan Ryan	Chas Grant Jr.	12275 Enda Square, Susannbury, NH 54681
Jamison Huels	Bryan Ryan	Lazaro Rau MD	Suite 158 45969 Dorthy Islands, Kleinside, GA 55813
Delorse Schmidt	Armand Weimann	Avelina Funk III	4872 Anitra Rapids, D'Amorestad, DE 88325-2834
Delorse Schmidt	Armand Weimann	Janey Dach	228 Rohan Row, Grahamchester, NV 58044
Delorse Schmidt	Miss Hershel O'Keefe	Claudia Johnston	Suite 919 880 Grisel Rapid, Johnchester, IL 69571-8908
Delorse Schmidt	Miss Hershel O'Keefe	Ashlea DuBuque	Suite 803 154 Earlie Summit, East Adelle, MI 17564
Delorse Schmidt	Veola Rolfson	Etta Kling	48009 D'Amore Crest, New Russell, WY 04460
Delorse Schmidt	Veola Rolfson	Jasmine Weber Sr.	Suite 925 58452 Wehner Unions, Danielashire, ID 54360
Marcel Schiller V	Nohemi McKenzie	Lashell Cremin	3910 Stroman Motorway, Dachstad, OR 28346
Marcel Schiller V	Nohemi McKenzie	Latrina DuBuque	Suite 877 9287 Florene Lane, Ziemannhaven, NC 06901-9824
Marcel Schiller V	Roland Armstrong	Shannan Cronin	Suite 306 78768 Murray Circles, Hahnport, MO 98536-4717
Marcel Schiller V	Roland Armstrong	Erick Beatty	Suite 735 933 Bartoletti Ramp, Wisozkhaven, LA 71421-1560
Marcel Schiller V	Jake Wilderman II	Janise Welch	Apt. 585 6062 Lawrence Village, Port Rosendoview, NE 32343-6031
Marcel Schiller V	Jake Wilderman II	Billy Little IV	Suite 396 35331 Donte Fort, Beierville, VT 45484-4164
